Nome de Usu√°rio Comentador,Post de Origem
exploretagsposgraduacao,exploretagsposgraduacao
jucyauxiliadora,exploretagsposgraduacao
lu_pitombeira01,exploretagsposgraduacao
exploretagsposgradua%C3%A7%C3%A3o,exploretagsposgraduacao
exploretagsfacuminasead,exploretagsposgraduacao
psicopp.nayraroanne,exploretagsposgraduacao
fernanda.otoledo,exploretagsposgraduacao
elianematos738,exploretagsposgraduacao
jgfernandess,exploretagsposgraduacao
manu_barbosa94,exploretagsposgraduacao
exploretagsposgraduacaoead,exploretagsposgraduacao
santos77es,exploretagsposgraduacao
facuminas.ead,exploretagsposgraduacao
vieirelizangelaalves,exploretagsposgraduacao
claudia.almeidav,exploretagsposgraduacao
karlinha_maciel15,exploretagsposgraduacao
exploretagsfacuminaseadoficial,exploretagsposgraduacao
milenakely,exploretagsposgraduacao
exploretagsposgraduacao,lu_pitombeira01
jucyauxiliadora,lu_pitombeira01
lu_pitombeira01,lu_pitombeira01
exploretagsposgradua%C3%A7%C3%A3o,lu_pitombeira01
exploretagsfacuminasead,lu_pitombeira01
psicopp.nayraroanne,lu_pitombeira01
fernanda.otoledo,lu_pitombeira01
elianematos738,lu_pitombeira01
jgfernandess,lu_pitombeira01
manu_barbosa94,lu_pitombeira01
exploretagsposgraduacaoead,lu_pitombeira01
santos77es,lu_pitombeira01
facuminas.ead,lu_pitombeira01
vieirelizangelaalves,lu_pitombeira01
claudia.almeidav,lu_pitombeira01
karlinha_maciel15,lu_pitombeira01
exploretagsfacuminaseadoficial,lu_pitombeira01
milenakely,lu_pitombeira01
exploretagsposgraduacao,exploretagsposgradua%C3%A7%C3%A3o
jucyauxiliadora,exploretagsposgradua%C3%A7%C3%A3o
lu_pitombeira01,exploretagsposgradua%C3%A7%C3%A3o
exploretagsposgradua%C3%A7%C3%A3o,exploretagsposgradua%C3%A7%C3%A3o
exploretagsfacuminasead,exploretagsposgradua%C3%A7%C3%A3o
psicopp.nayraroanne,exploretagsposgradua%C3%A7%C3%A3o
fernanda.otoledo,exploretagsposgradua%C3%A7%C3%A3o
elianematos738,exploretagsposgradua%C3%A7%C3%A3o
jgfernandess,exploretagsposgradua%C3%A7%C3%A3o
manu_barbosa94,exploretagsposgradua%C3%A7%C3%A3o
exploretagsposgraduacaoead,exploretagsposgradua%C3%A7%C3%A3o
santos77es,exploretagsposgradua%C3%A7%C3%A3o
facuminas.ead,exploretagsposgradua%C3%A7%C3%A3o
vieirelizangelaalves,exploretagsposgradua%C3%A7%C3%A3o
claudia.almeidav,exploretagsposgradua%C3%A7%C3%A3o
karlinha_maciel15,exploretagsposgradua%C3%A7%C3%A3o
exploretagsfacuminaseadoficial,exploretagsposgradua%C3%A7%C3%A3o
milenakely,exploretagsposgradua%C3%A7%C3%A3o
exploretagsposgraduacao,exploretagsfacuminasead
jucyauxiliadora,exploretagsfacuminasead
lu_pitombeira01,exploretagsfacuminasead
exploretagsposgradua%C3%A7%C3%A3o,exploretagsfacuminasead
exploretagsfacuminasead,exploretagsfacuminasead
psicopp.nayraroanne,exploretagsfacuminasead
fernanda.otoledo,exploretagsfacuminasead
elianematos738,exploretagsfacuminasead
jgfernandess,exploretagsfacuminasead
manu_barbosa94,exploretagsfacuminasead
exploretagsposgraduacaoead,exploretagsfacuminasead
santos77es,exploretagsfacuminasead
facuminas.ead,exploretagsfacuminasead
vieirelizangelaalves,exploretagsfacuminasead
claudia.almeidav,exploretagsfacuminasead
karlinha_maciel15,exploretagsfacuminasead
exploretagsfacuminaseadoficial,exploretagsfacuminasead
milenakely,exploretagsfacuminasead
exploretagsposgraduacao,psicopp.nayraroanne
jucyauxiliadora,psicopp.nayraroanne
lu_pitombeira01,psicopp.nayraroanne
exploretagsposgradua%C3%A7%C3%A3o,psicopp.nayraroanne
exploretagsfacuminasead,psicopp.nayraroanne
psicopp.nayraroanne,psicopp.nayraroanne
fernanda.otoledo,psicopp.nayraroanne
elianematos738,psicopp.nayraroanne
jgfernandess,psicopp.nayraroanne
manu_barbosa94,psicopp.nayraroanne
exploretagsposgraduacaoead,psicopp.nayraroanne
santos77es,psicopp.nayraroanne
facuminas.ead,psicopp.nayraroanne
vieirelizangelaalves,psicopp.nayraroanne
claudia.almeidav,psicopp.nayraroanne
karlinha_maciel15,psicopp.nayraroanne
exploretagsfacuminaseadoficial,psicopp.nayraroanne
milenakely,psicopp.nayraroanne
exploretagsposgraduacao,jgfernandess
jucyauxiliadora,jgfernandess
lu_pitombeira01,jgfernandess
exploretagsposgradua%C3%A7%C3%A3o,jgfernandess
exploretagsfacuminasead,jgfernandess
psicopp.nayraroanne,jgfernandess
fernanda.otoledo,jgfernandess
elianematos738,jgfernandess
jgfernandess,jgfernandess
manu_barbosa94,jgfernandess
exploretagsposgraduacaoead,jgfernandess
santos77es,jgfernandess
facuminas.ead,jgfernandess
vieirelizangelaalves,jgfernandess
claudia.almeidav,jgfernandess
karlinha_maciel15,jgfernandess
exploretagsfacuminaseadoficial,jgfernandess
milenakely,jgfernandess
exploretagsposgraduacao,manu_barbosa94
jucyauxiliadora,manu_barbosa94
lu_pitombeira01,manu_barbosa94
exploretagsposgradua%C3%A7%C3%A3o,manu_barbosa94
exploretagsfacuminasead,manu_barbosa94
psicopp.nayraroanne,manu_barbosa94
fernanda.otoledo,manu_barbosa94
elianematos738,manu_barbosa94
jgfernandess,manu_barbosa94
manu_barbosa94,manu_barbosa94
exploretagsposgraduacaoead,manu_barbosa94
santos77es,manu_barbosa94
facuminas.ead,manu_barbosa94
vieirelizangelaalves,manu_barbosa94
claudia.almeidav,manu_barbosa94
karlinha_maciel15,manu_barbosa94
exploretagsfacuminaseadoficial,manu_barbosa94
milenakely,manu_barbosa94
exploretagsposgraduacao,facuminas.ead
jucyauxiliadora,facuminas.ead
lu_pitombeira01,facuminas.ead
exploretagsposgradua%C3%A7%C3%A3o,facuminas.ead
exploretagsfacuminasead,facuminas.ead
psicopp.nayraroanne,facuminas.ead
fernanda.otoledo,facuminas.ead
elianematos738,facuminas.ead
jgfernandess,facuminas.ead
manu_barbosa94,facuminas.ead
exploretagsposgraduacaoead,facuminas.ead
santos77es,facuminas.ead
facuminas.ead,facuminas.ead
vieirelizangelaalves,facuminas.ead
claudia.almeidav,facuminas.ead
karlinha_maciel15,facuminas.ead
exploretagsfacuminaseadoficial,facuminas.ead
milenakely,facuminas.ead
exploretagsposgraduacao,claudia.almeidav
jucyauxiliadora,claudia.almeidav
lu_pitombeira01,claudia.almeidav
exploretagsposgradua%C3%A7%C3%A3o,claudia.almeidav
exploretagsfacuminasead,claudia.almeidav
psicopp.nayraroanne,claudia.almeidav
fernanda.otoledo,claudia.almeidav
elianematos738,claudia.almeidav
jgfernandess,claudia.almeidav
manu_barbosa94,claudia.almeidav
exploretagsposgraduacaoead,claudia.almeidav
santos77es,claudia.almeidav
facuminas.ead,claudia.almeidav
vieirelizangelaalves,claudia.almeidav
claudia.almeidav,claudia.almeidav
karlinha_maciel15,claudia.almeidav
exploretagsfacuminaseadoficial,claudia.almeidav
milenakely,claudia.almeidav
exploretagsposgraduacao,santos77es
jucyauxiliadora,santos77es
lu_pitombeira01,santos77es
exploretagsposgradua%C3%A7%C3%A3o,santos77es
exploretagsfacuminasead,santos77es
psicopp.nayraroanne,santos77es
fernanda.otoledo,santos77es
elianematos738,santos77es
jgfernandess,santos77es
manu_barbosa94,santos77es
exploretagsposgraduacaoead,santos77es
santos77es,santos77es
facuminas.ead,santos77es
vieirelizangelaalves,santos77es
claudia.almeidav,santos77es
karlinha_maciel15,santos77es
exploretagsfacuminaseadoficial,santos77es
milenakely,santos77es
exploretagsposgraduacao,jucyauxiliadora
jucyauxiliadora,jucyauxiliadora
lu_pitombeira01,jucyauxiliadora
exploretagsposgradua%C3%A7%C3%A3o,jucyauxiliadora
exploretagsfacuminasead,jucyauxiliadora
psicopp.nayraroanne,jucyauxiliadora
fernanda.otoledo,jucyauxiliadora
elianematos738,jucyauxiliadora
jgfernandess,jucyauxiliadora
manu_barbosa94,jucyauxiliadora
exploretagsposgraduacaoead,jucyauxiliadora
santos77es,jucyauxiliadora
facuminas.ead,jucyauxiliadora
vieirelizangelaalves,jucyauxiliadora
claudia.almeidav,jucyauxiliadora
karlinha_maciel15,jucyauxiliadora
exploretagsfacuminaseadoficial,jucyauxiliadora
milenakely,jucyauxiliadora
exploretagsposgraduacao,fernanda.otoledo
jucyauxiliadora,fernanda.otoledo
lu_pitombeira01,fernanda.otoledo
exploretagsposgradua%C3%A7%C3%A3o,fernanda.otoledo
exploretagsfacuminasead,fernanda.otoledo
psicopp.nayraroanne,fernanda.otoledo
fernanda.otoledo,fernanda.otoledo
elianematos738,fernanda.otoledo
jgfernandess,fernanda.otoledo
manu_barbosa94,fernanda.otoledo
exploretagsposgraduacaoead,fernanda.otoledo
santos77es,fernanda.otoledo
facuminas.ead,fernanda.otoledo
vieirelizangelaalves,fernanda.otoledo
claudia.almeidav,fernanda.otoledo
karlinha_maciel15,fernanda.otoledo
exploretagsfacuminaseadoficial,fernanda.otoledo
milenakely,fernanda.otoledo
exploretagsposgraduacao,elianematos738
jucyauxiliadora,elianematos738
lu_pitombeira01,elianematos738
exploretagsposgradua%C3%A7%C3%A3o,elianematos738
exploretagsfacuminasead,elianematos738
psicopp.nayraroanne,elianematos738
fernanda.otoledo,elianematos738
elianematos738,elianematos738
jgfernandess,elianematos738
manu_barbosa94,elianematos738
exploretagsposgraduacaoead,elianematos738
santos77es,elianematos738
facuminas.ead,elianematos738
vieirelizangelaalves,elianematos738
claudia.almeidav,elianematos738
karlinha_maciel15,elianematos738
exploretagsfacuminaseadoficial,elianematos738
milenakely,elianematos738
exploretagsposgraduacao,exploretagsposgraduacaoead
jucyauxiliadora,exploretagsposgraduacaoead
lu_pitombeira01,exploretagsposgraduacaoead
exploretagsposgradua%C3%A7%C3%A3o,exploretagsposgraduacaoead
exploretagsfacuminasead,exploretagsposgraduacaoead
psicopp.nayraroanne,exploretagsposgraduacaoead
fernanda.otoledo,exploretagsposgraduacaoead
elianematos738,exploretagsposgraduacaoead
jgfernandess,exploretagsposgraduacaoead
manu_barbosa94,exploretagsposgraduacaoead
exploretagsposgraduacaoead,exploretagsposgraduacaoead
santos77es,exploretagsposgraduacaoead
facuminas.ead,exploretagsposgraduacaoead
vieirelizangelaalves,exploretagsposgraduacaoead
claudia.almeidav,exploretagsposgraduacaoead
karlinha_maciel15,exploretagsposgraduacaoead
exploretagsfacuminaseadoficial,exploretagsposgraduacaoead
milenakely,exploretagsposgraduacaoead
exploretagsposgraduacao,vieirelizangelaalves
jucyauxiliadora,vieirelizangelaalves
lu_pitombeira01,vieirelizangelaalves
exploretagsposgradua%C3%A7%C3%A3o,vieirelizangelaalves
exploretagsfacuminasead,vieirelizangelaalves
psicopp.nayraroanne,vieirelizangelaalves
fernanda.otoledo,vieirelizangelaalves
elianematos738,vieirelizangelaalves
jgfernandess,vieirelizangelaalves
manu_barbosa94,vieirelizangelaalves
exploretagsposgraduacaoead,vieirelizangelaalves
santos77es,vieirelizangelaalves
facuminas.ead,vieirelizangelaalves
vieirelizangelaalves,vieirelizangelaalves
claudia.almeidav,vieirelizangelaalves
karlinha_maciel15,vieirelizangelaalves
exploretagsfacuminaseadoficial,vieirelizangelaalves
milenakely,vieirelizangelaalves
exploretagsposgraduacao,karlinha_maciel15
jucyauxiliadora,karlinha_maciel15
lu_pitombeira01,karlinha_maciel15
exploretagsposgradua%C3%A7%C3%A3o,karlinha_maciel15
exploretagsfacuminasead,karlinha_maciel15
psicopp.nayraroanne,karlinha_maciel15
fernanda.otoledo,karlinha_maciel15
elianematos738,karlinha_maciel15
jgfernandess,karlinha_maciel15
manu_barbosa94,karlinha_maciel15
exploretagsposgraduacaoead,karlinha_maciel15
santos77es,karlinha_maciel15
facuminas.ead,karlinha_maciel15
vieirelizangelaalves,karlinha_maciel15
claudia.almeidav,karlinha_maciel15
karlinha_maciel15,karlinha_maciel15
exploretagsfacuminaseadoficial,karlinha_maciel15
milenakely,karlinha_maciel15
exploretagsposgraduacao,exploretagsfacuminaseadoficial
jucyauxiliadora,exploretagsfacuminaseadoficial
lu_pitombeira01,exploretagsfacuminaseadoficial
exploretagsposgradua%C3%A7%C3%A3o,exploretagsfacuminaseadoficial
exploretagsfacuminasead,exploretagsfacuminaseadoficial
psicopp.nayraroanne,exploretagsfacuminaseadoficial
fernanda.otoledo,exploretagsfacuminaseadoficial
elianematos738,exploretagsfacuminaseadoficial
jgfernandess,exploretagsfacuminaseadoficial
manu_barbosa94,exploretagsfacuminaseadoficial
exploretagsposgraduacaoead,exploretagsfacuminaseadoficial
santos77es,exploretagsfacuminaseadoficial
facuminas.ead,exploretagsfacuminaseadoficial
vieirelizangelaalves,exploretagsfacuminaseadoficial
claudia.almeidav,exploretagsfacuminaseadoficial
karlinha_maciel15,exploretagsfacuminaseadoficial
exploretagsfacuminaseadoficial,exploretagsfacuminaseadoficial
milenakely,exploretagsfacuminaseadoficial
exploretagsposgraduacao,milenakely
jucyauxiliadora,milenakely
lu_pitombeira01,milenakely
exploretagsposgradua%C3%A7%C3%A3o,milenakely
exploretagsfacuminasead,milenakely
psicopp.nayraroanne,milenakely
fernanda.otoledo,milenakely
elianematos738,milenakely
jgfernandess,milenakely
manu_barbosa94,milenakely
exploretagsposgraduacaoead,milenakely
santos77es,milenakely
facuminas.ead,milenakely
vieirelizangelaalves,milenakely
claudia.almeidav,milenakely
karlinha_maciel15,milenakely
exploretagsfacuminaseadoficial,milenakely
milenakely,milenakely
